{"name": "BC", "desc": "Background Clutters - the background near the target has the similar color or texture as the target.", "overlap": 53.651400946141635, "error": 6.053479870624908, "overlapScores": [0.3982711145609512, 0.5441648846532255, 0.5143378984313638, 0.5177571778078205, 0.6668567363497556, 0.3354294306343032, 0.7073281155929074, 0.6071049499134126, 0.5863919810840934, 0.3950780424988221, 0.5782756674223725, 0.3298378989166927, 0.8194616525438916, 0.3721465583837791, 0.7141845466360368, 0.4776002306410474, 0.5395855265305436, 0.45051743751085405, 0.41312613024275585, 0.6605180226525296, 0.6388201956825833], "errorNum": [7.412875764831072, 5.2543464262717325, 8.612499999999999, 4.371428571428572, 4.406968124536694, 9.230769230769232, 1.002440871980473, 4.87914691943128, 3.670212765957447, 9.30519814719506, 7.178658502012814, 9.3929173693086, 0.0, 8.836956521739129, 0.6515580736543909, 6.953246753246754, 5.774611398963731, 7.867435158501442, 8.997867803837954, 6.778947368421052, 6.544991511035654], "successRateList": [0.5767722701837952, 0.5358939790642163, 0.5135743095324709, 0.49824247415971146, 0.48448150127269585, 0.47284265575116924, 0.4613658775414269, 0.44900450010103476, 0.43527564128771373, 0.4171545040841175, 0.39456987977554275, 0.3645479164622249, 0.32722385471479676, 0.2898007357607844, 0.24782172360819163, 0.20205157971884058, 0.15123952454531991, 0.1000232993603955, 0.05280279662466051, 0.02199834352106877, 0.0]}