{"name": "FM", "desc": "Fast Motion - the motion of the ground truth is larger than tm pixels (tm=20).", "overlap": 48.30751685277953, "error": 7.182791699429223, "overlapScores": [0.6203535768029567, 0.5509782157007889, 0.5441648846532255, 0.5143378984313638, 0.5177571778078205, 0.3354294306343032, 0.7073281155929074, 0.5251725759188896, 0.3950780424988221, 0.5007309713097928, 0.4736601986850023, 0.5782756674223725, 0.3298378989166927, 0.3721465583837791, 0.41312613024275585, 0.31589205940025417, 0.3141639163323813, 0.6869197147662048], "errorNum": [7.717041800643086, 4.349381912817176, 5.2543464262717325, 8.612499999999999, 4.371428571428572, 9.230769230769232, 1.002440871980473, 4.910591471801926, 9.30519814719506, 6.771771771771772, 8.445197044334975, 7.178658502012814, 9.3929173693086, 8.836956521739129, 8.997867803837954, 8.677376171352075, 9.0138067061144, 7.222000266347051], "successRateList": [0.5002492798628272, 0.4601026916420736, 0.43487874387448716, 0.4118639056181599, 0.3905030985035575, 0.37361119633934226, 0.35666573057980283, 0.33729470957347707, 0.3195106325151696, 0.30048896565056044, 0.28162786211379087, 0.2584222015982479, 0.2324657930529039, 0.20730162098936666, 0.17478668353611904, 0.1394038202769448, 0.10218390908835598, 0.06470796925682593, 0.03446510974979604, 0.017479435518842745, 0.0]}