{"name": "IV", "desc": "Illumination Variation - the illumination in the target region is significantly changed.", "overlap": 53.92684403161198, "error": 6.125323939522412, "overlapScores": [0.3982711145609512, 0.5441648846532255, 0.6109221483550378, 0.625889543796258, 0.6424489766031514, 0.8494662320215696, 0.3950780424988221, 0.4736601986850023, 0.5782756674223725, 0.3298378989166927, 0.8194616525438916, 0.3721465583837791, 0.4776002306410474, 0.6988555801904792, 0.5395855265305436, 0.45051743751085405, 0.5604286608980266, 0.41312613024275585, 0.6676417566348726, 0.31589205940025417, 0.3141639163323813, 0.6388201956825833, 0.6869197147662048], "errorNum": [7.412875764831072, 5.2543464262717325, 2.9124236252545828, 3.5835271513803213, 2.2142857142857144, 0.0, 9.30519814719506, 8.445197044334975, 7.178658502012814, 9.3929173693086, 0.0, 8.836956521739129, 6.953246753246754, 1.5390835579514826, 5.774611398963731, 7.867435158501442, 8.970297029702971, 8.997867803837954, 4.785347985347985, 8.677376171352075, 9.0138067061144, 6.544991511035654, 7.222000266347051], "successRateList": [0.5699389101965163, 0.5345848129443368, 0.5143420966853915, 0.49972176925999334, 0.4871320571366223, 0.4755075255972242, 0.46243757978170835, 0.44778505177164546, 0.43045470153086857, 0.41020882427415883, 0.3872064993498561, 0.35941381659598726, 0.32635169681805143, 0.29228025686980175, 0.25491134195895204, 0.21205878841339026, 0.1604746387311693, 0.10495087968784671, 0.0520755746707796, 0.018363681110969487, 0.0]}