{"name": "LR", "desc": "Low Resolution - the number of pixels inside the ground-truth bounding box is less than tr (tr =400).", "overlap": 47.302497071210624, "error": 6.873044400584636, "overlapScores": [0.3354294306343032, 0.3950780424988221, 0.3721465583837791, 0.7894458513315205], "errorNum": [9.230769230769232, 9.30519814719506, 8.836956521739129, 0.11925370263512214], "successRateList": [0.4370564108014879, 0.38951159312503825, 0.37094771305916663, 0.3591030994978974, 0.35064854812219937, 0.34519261122473044, 0.33890406568078923, 0.3337891586025914, 0.32835622597723585, 0.32097425999461615, 0.31264747377111907, 0.30340111835671124, 0.29156781035179624, 0.27451933772468545, 0.24840954548048705, 0.21008533752697403, 0.1563222005840937, 0.09695368157853329, 0.044522753038418475, 0.018060904389131955, 0.0]}