{"name": "MB", "desc": "Motion Blur - the target region is blurred due to the motion of target or camera.", "overlap": 47.235089933896255, "error": 7.564538501569923, "overlapScores": [0.6203535768029567, 0.6109221483550378, 0.3354294306343032, 0.5251725759188896, 0.3950780424988221, 0.5007309713097928, 0.5782756674223725, 0.3721465583837791, 0.41312613024275585, 0.31589205940025417, 0.3141639163323813, 0.6869197147662048], "errorNum": [7.717041800643086, 2.9124236252545828, 9.230769230769232, 4.910591471801926, 9.30519814719506, 6.771771771771772, 7.178658502012814, 8.836956521739129, 8.997867803837954, 8.677376171352075, 9.0138067061144, 7.222000266347051], "successRateList": [0.4548554729588494, 0.41681360484900826, 0.3899254037366285, 0.36913457563540203, 0.3538130967139497, 0.34050592860233914, 0.32504373800741754, 0.30581477958597575, 0.2854380369898345, 0.26444476951731033, 0.2433856336047552, 0.21603943363924738, 0.18675888918109043, 0.1609557763998937, 0.13269163215812038, 0.10566926320004057, 0.0801368909932178, 0.05391968844812401, 0.030265954884048315, 0.01766911833378128, 0.0]}