{"name": "OPR", "desc": "Out-of-Plane Rotation - the target rotates out of the image plane.", "overlap": 57.50138985738617, "error": 5.344022307310968, "overlapScores": [0.3982711145609512, 0.5808261941684424, 0.6203535768029567, 0.5509782157007889, 0.5441648846532255, 0.5143378984313638, 0.5177571778078205, 0.6109221483550378, 0.7685537593976666, 0.6668567363497556, 0.6552113910531374, 0.625889543796258, 0.7073281155929074, 0.6424489766031514, 0.5251725759188896, 0.6071049499134126, 0.5863919810840934, 0.46046798540162626, 0.47873393080210136, 0.47982104092224215, 0.3950780424988221, 0.8003871486678276, 0.8476257145330262, 0.4736601986850023, 0.5782756674223725, 0.3298378989166927, 0.8194616525438916, 0.7141845466360368, 0.4776002306410474, 0.6988555801904792, 0.5395855265305436, 0.45051743751085405, 0.5604286608980266, 0.6676417566348726, 0.31589205940025417, 0.3141639163323813, 0.6388201956825833, 0.6869197147662048], "errorNum": [7.412875764831072, 8.554054054054054, 7.717041800643086, 4.349381912817176, 5.2543464262717325, 8.612499999999999, 4.371428571428572, 2.9124236252545828, 0.30341113105924594, 4.406968124536694, 2.27007299270073, 3.5835271513803213, 1.002440871980473, 2.2142857142857144, 4.910591471801926, 4.87914691943128, 3.670212765957447, 6.03757225433526, 5.491666666666667, 6.547149515955539, 9.30519814719506, 3.8193343898573695, 2.4306898774983883, 8.445197044334975, 7.178658502012814, 9.3929173693086, 0.0, 0.6515580736543909, 6.953246753246754, 1.5390835579514826, 5.774611398963731, 7.867435158501442, 8.970297029702971, 4.785347985347985, 8.677376171352075, 9.0138067061144, 6.544991511035654, 7.222000266347051], "successRateList": [0.666492206321115, 0.637678594405488, 0.6201034736175308, 0.6047267110684935, 0.5883591538523111, 0.574293000121958, 0.5584444878161909, 0.5397795455250916, 0.5180428259714509, 0.49358659434786817, 0.46526619371247757, 0.4288225921735072, 0.3844832332173247, 0.34098829887746546, 0.29429951740019206, 0.2414034298947495, 0.179610143917912, 0.11427206140464166, 0.055378720355340964, 0.018122152350943607, 0.0]}