{"name": "OV", "desc": "Out-of-View - some portion of the target leaves the view.", "overlap": 54.23356121921928, "error": 6.870054602526203, "overlapScores": [0.7073281155929074, 0.3950780424988221, 0.4736601986850023, 0.5782756674223725, 0.7855077326216718, 0.3141639163323813], "errorNum": [1.002440871980473, 9.30519814719506, 8.445197044334975, 7.178658502012814, 6.275026343519494, 9.0138067061144], "successRateList": [0.45385682097786456, 0.422457169740822, 0.4008210505457625, 0.38498750890924677, 0.371851174368033, 0.36268346560977993, 0.3547639933367695, 0.3476488414046204, 0.33859885012924495, 0.3263738374247495, 0.3129945397473798, 0.2937825670538999, 0.27072788584462354, 0.25293797052160555, 0.22049322661764667, 0.19087401898880788, 0.15434830102627528, 0.10462381004206277, 0.06146738495277921, 0.03187902987267763, 0.0]}