{"name": "SV", "desc": "Scale Variation - the ratio of the bounding boxes of the first frame and the current frame is out of the range ts, ts > 1 (ts=2).", "overlap": 55.54878189079923, "error": 5.817564772549334, "overlapScores": [0.6203535768029567, 0.5509782157007889, 0.5143378984313638, 0.5177571778078205, 0.6109221483550378, 0.6552113910531374, 0.625889543796258, 0.7073281155929074, 0.5251725759188896, 0.46046798540162626, 0.47873393080210136, 0.6021203577501759, 0.47982104092224215, 0.3950780424988221, 0.4736601986850023, 0.5782756674223725, 0.3298378989166927, 0.3721465583837791, 0.4776002306410474, 0.6988555801904792, 0.45051743751085405, 0.5604286608980266, 0.41312613024275585, 0.6388201956825833, 0.7843649850103508, 0.7894458513315205, 0.6869197147662048], "errorNum": [7.717041800643086, 4.349381912817176, 8.612499999999999, 4.371428571428572, 2.9124236252545828, 2.27007299270073, 3.5835271513803213, 1.002440871980473, 4.910591471801926, 6.03757225433526, 5.491666666666667, 7.874172185430464, 6.547149515955539, 9.30519814719506, 8.445197044334975, 7.178658502012814, 9.3929173693086, 8.836956521739129, 6.953246753246754, 1.5390835579514826, 7.867435158501442, 8.970297029702971, 8.997867803837954, 6.544991511035654, 0.021176470588235293, 0.11925370263512214, 7.222000266347051], "successRateList": [0.617766379794871, 0.588503441381141, 0.5719061388094759, 0.5573421369739298, 0.5414463753452876, 0.5274212088496593, 0.5114366718543732, 0.492111866416849, 0.46914414359866374, 0.4441962613119346, 0.4178020114588711, 0.3848351053647879, 0.3466483430485401, 0.30967730784999314, 0.2643176097071202, 0.2108629206219718, 0.15045427890865704, 0.0907738382546936, 0.042565434187250374, 0.01587139026114562, 0.0]}