{"name": "BC", "desc": "Background Clutters - the background near the target has the similar color or texture as the target.", "overlap": 42.14668259288347, "error": 7.760707616245833, "overlapScores": [0.4087490813157729, 0.26520774533224223, 0.5059614139948087, 0.6081162308940435, 0.5631497883884199, 0.5331785935983877, 0.5904421361140886, 0.3967037126917699, 0.3512992436334487, 0.3432939376244204, 0.44071654190802356, 0.2783320589878493, 0.42500038295375464, 0.2444894977994008, 0.6126231503688289, 0.3673140886569877, 0.28765410404521524, 0.3729984432726772, 0.3522790217896322, 0.5197837699917385, 0.3835104011440179], "errorNum": [8.136781609195403, 9.120847651775486, 8.702380952380953, 1.9513888888888888, 6.44510582010582, 9.706572769953052, 3.2940320232896654, 7.527624309392266, 8.772522522522522, 9.262048192771084, 7.939402642159679, 9.350000000000001, 6.543064876957494, 9.364837398373984, 7.375730994152047, 8.267123287671232, 9.216757741347905, 9.416666666666666, 8.664965986394558, 6.771428571428571, 7.145577035735208], "successRateList": [0.5557068179118462, 0.5239072568550754, 0.4975261202700042, 0.46871248548959843, 0.4424865908724307, 0.41495423532300874, 0.3848072177438085, 0.34830161016159567, 0.3095321436105121, 0.26792939897759954, 0.22348967236319034, 0.18131736008839083, 0.13894112755742133, 0.10198188780621763, 0.06996845740606888, 0.04253839300154079, 0.02394759200873656, 0.010736775936448848, 0.0060885370984359736, 0.005040270111435885, 0.0]}