{"name": "FM", "desc": "Fast Motion - the motion of the ground truth is larger than tm pixels (tm=20).", "overlap": 41.75759695454602, "error": 7.623956621085956, "overlapScores": [0.5585964102397738, 0.5718148787076011, 0.26520774533224223, 0.5059614139948087, 0.6081162308940435, 0.5331785935983877, 0.5904421361140886, 0.47465946780563967, 0.3432939376244204, 0.24630440667703246, 0.45905253208977215, 0.44071654190802356, 0.2783320589878493, 0.2444894977994008, 0.3522790217896322, 0.24585011734481788, 0.23245696281497358, 0.5656154980957752], "errorNum": [5.2574750830564785, 5.324074074074074, 9.120847651775486, 8.702380952380953, 1.9513888888888888, 9.706572769953052, 3.2940320232896654, 5.838048090523338, 9.262048192771084, 9.683173588924387, 6.946731536926148, 7.939402642159679, 9.350000000000001, 9.364837398373984, 8.664965986394558, 9.262177650429798, 9.178082191780822, 8.38498045784478], "successRateList": [0.5410617441109911, 0.4935608166948893, 0.4638141147753334, 0.43314498948103203, 0.40555517739508024, 0.3811393086747488, 0.3589791999622282, 0.33623768950058147, 0.30894513723253453, 0.2740881553829797, 0.23734041446139026, 0.20120727548198533, 0.16126788191794356, 0.12367178779846719, 0.08730064240406651, 0.05331019091576829, 0.02894034155866554, 0.012265658097591442, 0.005711514029916081, 0.004337436424093642, 0.0]}