{"name": "LR", "desc": "Low Resolution - the number of pixels inside the ground-truth bounding box is less than tr (tr =400).", "overlap": 38.72766429150867, "error": 9.086697923607865, "overlapScores": [0.5331785935983877, 0.3432939376244204, 0.2444894977994008, 0.4281445426381378], "errorNum": [9.706572769953052, 9.262048192771084, 9.364837398373984, 8.013333333333334], "successRateList": [0.3188192341678635, 0.28201808608532375, 0.25345615612570516, 0.22889244301148254, 0.2137427518386842, 0.19903286609164245, 0.1826550866813182, 0.16596121362812982, 0.1408842943053561, 0.11407467071998056, 0.09133020763921368, 0.06704676969644294, 0.04640148898582995, 0.029874740804509692, 0.018834690358824513, 0.012404606747153506, 0.010648007178145768, 0.008097774816200564, 0.007176541100851361, 0.007051541100851362, 0.0]}