{"name": "OCC", "desc": "Occlusion - the target is partially or fully occluded.", "overlap": 40.84489574847832, "error": 7.715334973126228, "overlapScores": [0.4087490813157729, 0.3294925125725617, 0.5718148787076011, 0.26520774533224223, 0.37133325369345005, 0.5631497883884199, 0.5177287690342847, 0.5904421361140886, 0.5649468492773769, 0.4965210145388415, 0.3967037126917699, 0.16763852178851812, 0.3432939376244204, 0.477314434100249, 0.354888395919088, 0.45905253208977215, 0.44071654190802356, 0.2783320589878493, 0.3198801269825202, 0.3729984432726772, 0.3522790217896322, 0.5197837699917385, 0.35081441112216366, 0.24585011734481788, 0.23245696281497358, 0.45142175143716207, 0.4281445426381378, 0.5656154980957752], "errorNum": [8.136781609195403, 9.930952380952382, 5.324074074074074, 9.120847651775486, 8.356334041047418, 6.44510582010582, 4.084667699724518, 3.2940320232896654, 3.352017937219731, 4.901477832512315, 7.527624309392266, 9.946996466431095, 9.262048192771084, 9.014657980456025, 9.728555917481, 6.946731536926148, 7.939402642159679, 9.350000000000001, 7.656695156695157, 9.416666666666666, 8.664965986394558, 6.771428571428571, 8.599647266313934, 9.262177650429798, 9.178082191780822, 7.419093851132686, 8.013333333333334, 8.38498045784478], "successRateList": [0.5884987209456949, 0.5602403159695422, 0.5304377069798997, 0.49742371009130604, 0.4686829128594477, 0.43927743353903276, 0.40793545123993374, 0.37245424402613525, 0.3302339140486171, 0.2801041577583778, 0.22815016222405715, 0.18081683247549182, 0.13669397305447525, 0.1022434480772806, 0.07327579525684635, 0.04713249752912672, 0.026412725832826327, 0.011137502857665653, 0.004542452365159149, 0.0029646363425779782, 0.0]}