{"name": "OV", "desc": "Out-of-View - some portion of the target leaves the view.", "overlap": 40.27960869455736, "error": 7.536657308873555, "overlapScores": [0.5904421361140886, 0.3432939376244204, 0.45905253208977215, 0.44071654190802356, 0.35081441112216366, 0.23245696281497358], "errorNum": [3.2940320232896654, 9.262048192771084, 6.946731536926148, 7.939402642159679, 8.599647266313934, 9.178082191780822], "successRateList": [0.6035539610168262, 0.5530582504990115, 0.5130316671498766, 0.4646553240591569, 0.4298001080816156, 0.3988490475383726, 0.3726456813931416, 0.3516340089243281, 0.3202646611933213, 0.28180902371515804, 0.24619585379357478, 0.21443387169790082, 0.17662182803028917, 0.1401147825673204, 0.10324091541424081, 0.061845056067981984, 0.03336876073048892, 0.011451862269480187, 0.003923159223388533, 0.0021739502165330645, 0.0]}