{"name": "SV", "desc": "Scale Variation - the ratio of the bounding boxes of the first frame and the current frame is out of the range ts, ts > 1 (ts=2).", "overlap": 41.213095762339755, "error": 7.478331410881757, "overlapScores": [0.5585964102397738, 0.5718148787076011, 0.5059614139948087, 0.6081162308940435, 0.37133325369345005, 0.5231159522175415, 0.5177287690342847, 0.5904421361140886, 0.47465946780563967, 0.3811036953468621, 0.08878942544372631, 0.16763852178851812, 0.31565122895527864, 0.3432939376244204, 0.45905253208977215, 0.44071654190802356, 0.2783320589878493, 0.2444894977994008, 0.3673140886569877, 0.3198801269825202, 0.3729984432726772, 0.44553602916973783, 0.3522790217896322, 0.3835104011440179, 0.45142175143716207, 0.4281445426381378, 0.5656154980957752], "errorNum": [5.2574750830564785, 5.324074074074074, 8.702380952380953, 1.9513888888888888, 8.356334041047418, 3.7104938271604935, 4.084667699724518, 3.2940320232896654, 5.838048090523338, 8.706543967280163, 9.97463768115942, 9.946996466431095, 9.183333333333334, 9.262048192771084, 6.946731536926148, 7.939402642159679, 9.350000000000001, 9.364837398373984, 8.267123287671232, 7.656695156695157, 9.416666666666666, 9.753086419753087, 8.664965986394558, 7.145577035735208, 7.419093851132686, 8.013333333333334, 8.38498045784478], "successRateList": [0.5867100677765542, 0.5569227180147618, 0.5303846331490271, 0.5041061530088792, 0.4779358028071381, 0.44929879363741165, 0.4170678636441052, 0.38238674420479224, 0.34369543922271945, 0.29846923324276853, 0.2519481896114364, 0.20490479664224714, 0.15856558121157624, 0.11877855172654035, 0.08201108619270148, 0.04959322192244204, 0.02634081836764311, 0.011474133417716463, 0.005090822854391958, 0.0035674102854008865, 0.0]}