{"name": "DEF", "desc": "Deformation - non-rigid object deformation.", "overlap": 58.427621194559485, "error": 5.707654491702548, "overlapScores": [0.3982711145609512, 0.5808261941684424, 0.5143378984313638, 0.5177571778078205, 0.6109221483550378, 0.6668567363497556, 0.7073281155929074, 0.5251725759188896, 0.8003871486678276, 0.8476257145330262, 0.8194616525438916, 0.5395855265305436, 0.45051743751085405, 0.5604286608980266, 0.6605180226525296, 0.31589205940025417, 0.3141639163323813, 0.6869197147662048], "errorNum": [7.412875764831072, 8.554054054054054, 8.612499999999999, 4.371428571428572, 2.9124236252545828, 4.406968124536694, 1.002440871980473, 4.910591471801926, 3.8193343898573695, 2.4306898774983883, 0.0, 5.774611398963731, 7.867435158501442, 8.970297029702971, 6.778947368421052, 8.677376171352075, 9.0138067061144, 7.222000266347051], "successRateList": [0.6069583572697567, 0.5783915510707517, 0.5599305687424551, 0.5443160584869341, 0.5302738537428769, 0.5188948033083989, 0.5069814714775734, 0.49051693403370705, 0.47171537634291094, 0.4510216398173141, 0.4290268226809661, 0.3978218331296827, 0.3645628074825169, 0.3299245308459197, 0.28857111269037233, 0.2390835818378706, 0.18130592559964717, 0.11601877926761232, 0.05443759872926075, 0.016316882714032088, 0.0]}