{"name": "IPR", "desc": "In-Plane Rotation - the target rotates in the image plane.", "overlap": 55.03880280376683, "error": 5.627224250021042, "overlapScores": [0.5808261941684424, 0.6203535768029567, 0.5509782157007889, 0.5441648846532255, 0.6109221483550378, 0.7685537593976666, 0.3354294306343032, 0.6552113910531374, 0.625889543796258, 0.7073281155929074, 0.6424489766031514, 0.5251725759188896, 0.6071049499134126, 0.5863919810840934, 0.46046798540162626, 0.47873393080210136, 0.3950780424988221, 0.3298378989166927, 0.3721465583837791, 0.7141845466360368, 0.4776002306410474, 0.5395855265305436, 0.5604286608980266, 0.7855077326216718, 0.6676417566348726, 0.31589205940025417, 0.3141639163323813, 0.6388201956825833], "errorNum": [8.554054054054054, 7.717041800643086, 4.349381912817176, 5.2543464262717325, 2.9124236252545828, 0.30341113105924594, 9.230769230769232, 2.27007299270073, 3.5835271513803213, 1.002440871980473, 2.2142857142857144, 4.910591471801926, 4.87914691943128, 3.670212765957447, 6.03757225433526, 5.491666666666667, 9.30519814719506, 9.3929173693086, 8.836956521739129, 0.6515580736543909, 6.953246753246754, 5.774611398963731, 8.970297029702971, 6.275026343519494, 4.785347985347985, 8.677376171352075, 9.0138067061144, 6.544991511035654], "successRateList": [0.6547185115203459, 0.6257270302315062, 0.6081330490890571, 0.5914280067148869, 0.5727137209365766, 0.5571698273886507, 0.538973935139677, 0.5178210625562766, 0.49386983874728746, 0.46713362772459427, 0.436889930087919, 0.398337403615794, 0.35276066992114086, 0.3085394837227599, 0.2637764499184564, 0.21411551900369943, 0.1579770610474355, 0.10050754938491646, 0.0498833317709146, 0.016920715644989568, 0.0]}