{"name": "OCC", "desc": "Occlusion - the target is partially or fully occluded.", "overlap": 59.37961388176054, "error": 5.351151071233177, "overlapScores": [0.3982711145609512, 0.5808261941684424, 0.5509782157007889, 0.5441648846532255, 0.6109221483550378, 0.6668567363497556, 0.625889543796258, 0.7073281155929074, 0.7652045486661029, 0.6424489766031514, 0.6071049499134126, 0.6021203577501759, 0.3950780424988221, 0.8003871486678276, 0.8476257145330262, 0.4736601986850023, 0.5782756674223725, 0.3298378989166927, 0.6988555801904792, 0.45051743751085405, 0.41312613024275585, 0.6605180226525296, 0.7855077326216718, 0.31589205940025417, 0.3141639163323813, 0.7843649850103508, 0.7894458513315205, 0.6869197147662048], "errorNum": [7.412875764831072, 8.554054054054054, 4.349381912817176, 5.2543464262717325, 2.9124236252545828, 4.406968124536694, 3.5835271513803213, 1.002440871980473, 0.3046383647798742, 2.2142857142857144, 4.87914691943128, 7.874172185430464, 9.30519814719506, 3.8193343898573695, 2.4306898774983883, 8.445197044334975, 7.178658502012814, 9.3929173693086, 1.5390835579514826, 7.867435158501442, 8.997867803837954, 6.778947368421052, 6.275026343519494, 8.677376171352075, 9.0138067061144, 0.021176470588235293, 0.11925370263512214, 7.222000266347051], "successRateList": [0.6190037851213707, 0.5965656388438754, 0.5825698986664675, 0.5686718160574832, 0.5546306091033119, 0.5434920084211313, 0.5330741364079288, 0.521482028568997, 0.5071739309553345, 0.48840904695905546, 0.46463489694638405, 0.43511797630853305, 0.3999038567467024, 0.3624927973944176, 0.3178469143723185, 0.26448987359219944, 0.19746108289545056, 0.12155345853533439, 0.055680567074979384, 0.01844791842773032, 0.0]}