{"name": "DEF", "desc": "Deformation - non-rigid object deformation.", "overlap": 43.216677902704504, "error": 7.773582348918335, "overlapScores": [0.4087490813157729, 0.3294925125725617, 0.5059614139948087, 0.6081162308940435, 0.37133325369345005, 0.5631497883884199, 0.5904421361140886, 0.47465946780563967, 0.477314434100249, 0.354888395919088, 0.42500038295375464, 0.28765410404521524, 0.3729984432726772, 0.44553602916973783, 0.5197837699917385, 0.24585011734481788, 0.23245696281497358, 0.5656154980957752], "errorNum": [8.136781609195403, 9.930952380952382, 8.702380952380953, 1.9513888888888888, 8.356334041047418, 6.44510582010582, 3.2940320232896654, 5.838048090523338, 9.014657980456025, 9.728555917481, 6.543064876957494, 9.216757741347905, 9.416666666666666, 9.753086419753087, 6.771428571428571, 9.262177650429798, 9.178082191780822, 8.38498045784478], "successRateList": [0.5279441572611342, 0.505578636322493, 0.4861800562319304, 0.4630621172292952, 0.44051591623324093, 0.41766897208493353, 0.389537635922308, 0.3549456888425977, 0.31526705803367316, 0.2701311103669395, 0.22208759572498782, 0.1757216099253891, 0.13075605963393386, 0.09398707487812605, 0.061388828913190564, 0.03557591232996581, 0.018515832348412177, 0.008659533705098813, 0.004770697575579141, 0.003802191669194162, 0.0]}