{"name": "IPR", "desc": "In-Plane Rotation - the target rotates in the image plane.", "overlap": 39.75136017090074, "error": 7.647660620382836, "overlapScores": [0.3294925125725617, 0.5585964102397738, 0.5718148787076011, 0.26520774533224223, 0.37133325369345005, 0.29344665312233686, 0.5331785935983877, 0.5231159522175415, 0.5177287690342847, 0.5904421361140886, 0.4965210145388415, 0.47465946780563967, 0.3967037126917699, 0.3512992436334487, 0.3811036953468621, 0.08878942544372631, 0.3432939376244204, 0.2783320589878493, 0.2444894977994008, 0.6126231503688289, 0.3673140886569877, 0.28765410404521524, 0.44553602916973783, 0.35081441112216366, 0.5950726246812367, 0.24585011734481788, 0.23245696281497358, 0.3835104011440179], "errorNum": [9.930952380952382, 5.2574750830564785, 5.324074074074074, 9.120847651775486, 8.356334041047418, 9.981378026070763, 9.706572769953052, 3.7104938271604935, 4.084667699724518, 3.2940320232896654, 4.901477832512315, 5.838048090523338, 7.527624309392266, 8.772522522522522, 8.706543967280163, 9.97463768115942, 9.262048192771084, 9.350000000000001, 9.364837398373984, 7.375730994152047, 8.267123287671232, 9.216757741347905, 9.753086419753087, 8.599647266313934, 2.8717472118959106, 9.262177650429798, 9.178082191780822, 7.145577035735208], "successRateList": [0.6125863150618659, 0.5765924235921835, 0.5466506389508516, 0.5138097032435526, 0.48345484347825646, 0.4490348917083777, 0.4093112710567657, 0.369986501976292, 0.32738968511702654, 0.2806802794400923, 0.2350668681531334, 0.19142444832155617, 0.14981797923668985, 0.11382011901608076, 0.08012614492559304, 0.05034022693300739, 0.026846792944861777, 0.0119203870143173, 0.005648667540412639, 0.004166859131010526, 0.0]}