{"name": "IV", "desc": "Illumination Variation - the illumination in the target region is significantly changed.", "overlap": 39.429141441553725, "error": 7.637262455692868, "overlapScores": [0.4087490813157729, 0.26520774533224223, 0.37133325369345005, 0.5177287690342847, 0.4965210145388415, 0.6501102982819509, 0.3432939376244204, 0.45905253208977215, 0.44071654190802356, 0.2783320589878493, 0.42500038295375464, 0.2444894977994008, 0.3673140886569877, 0.3198801269825202, 0.28765410404521524, 0.3729984432726772, 0.44553602916973783, 0.3522790217896322, 0.5950726246812367, 0.24585011734481788, 0.23245696281497358, 0.3835104011440179, 0.5656154980957752], "errorNum": [8.136781609195403, 9.120847651775486, 8.356334041047418, 4.084667699724518, 4.901477832512315, 1.8329831932773109, 9.262048192771084, 6.946731536926148, 7.939402642159679, 9.350000000000001, 6.543064876957494, 9.364837398373984, 8.267123287671232, 7.656695156695157, 9.216757741347905, 9.416666666666666, 9.753086419753087, 8.664965986394558, 2.8717472118959106, 9.262177650429798, 9.178082191780822, 7.145577035735208, 8.38498045784478], "successRateList": [0.6271709688946262, 0.5912420436412581, 0.5518502761065062, 0.5103102056268769, 0.4728880886127417, 0.43557356906990047, 0.3998800650803184, 0.3627425406423544, 0.3233427595771521, 0.2806519672835025, 0.23604566392314077, 0.1894956108049119, 0.14785422577169163, 0.11191864004463298, 0.07960378759278243, 0.05017750189399122, 0.027978215829246894, 0.01200079052063518, 0.005239019532654578, 0.0031812213312676723, 0.0]}