{"name": "MB", "desc": "Motion Blur - the target region is blurred due to the motion of target or camera.", "overlap": 38.40644757826106, "error": 8.408174841104948, "overlapScores": [0.5585964102397738, 0.37133325369345005, 0.5331785935983877, 0.47465946780563967, 0.3432939376244204, 0.24630440667703246, 0.44071654190802356, 0.2444894977994008, 0.3522790217896322, 0.24585011734481788, 0.23245696281497358, 0.5656154980957752], "errorNum": [5.2574750830564785, 8.356334041047418, 9.706572769953052, 5.838048090523338, 9.262048192771084, 9.683173588924387, 7.939402642159679, 9.364837398373984, 8.664965986394558, 9.262177650429798, 9.178082191780822, 8.38498045784478], "successRateList": [0.5120262419181553, 0.4583949792235218, 0.42660144946371004, 0.393616895837811, 0.36517561426046, 0.33770868682908306, 0.30670721524874206, 0.2746381924192123, 0.23634014585403307, 0.19608638535659265, 0.15894288380274604, 0.12364718954131548, 0.09443512790331499, 0.0703903185287999, 0.04990492311707623, 0.031399496626053375, 0.018362817929480326, 0.007885971125073075, 0.004720852459661741, 0.0038078551569588836, 0.0]}