{"name": "OPR", "desc": "Out-of-Plane Rotation - the target rotates out of the image plane.", "overlap": 41.628927484743265, "error": 7.539820678293941, "overlapScores": [0.4087490813157729, 0.3294925125725617, 0.5585964102397738, 0.5718148787076011, 0.26520774533224223, 0.5059614139948087, 0.6081162308940435, 0.37133325369345005, 0.29344665312233686, 0.5631497883884199, 0.5231159522175415, 0.5177287690342847, 0.5904421361140886, 0.4965210145388415, 0.47465946780563967, 0.3967037126917699, 0.3512992436334487, 0.3811036953468621, 0.08878942544372631, 0.31565122895527864, 0.3432939376244204, 0.477314434100249, 0.354888395919088, 0.45905253208977215, 0.44071654190802356, 0.2783320589878493, 0.42500038295375464, 0.6126231503688289, 0.3673140886569877, 0.3198801269825202, 0.28765410404521524, 0.3729984432726772, 0.44553602916973783, 0.5950726246812367, 0.24585011734481788, 0.23245696281497358, 0.3835104011440179, 0.5656154980957752], "errorNum": [8.136781609195403, 9.930952380952382, 5.2574750830564785, 5.324074074074074, 9.120847651775486, 8.702380952380953, 1.9513888888888888, 8.356334041047418, 9.981378026070763, 6.44510582010582, 3.7104938271604935, 4.084667699724518, 3.2940320232896654, 4.901477832512315, 5.838048090523338, 7.527624309392266, 8.772522522522522, 8.706543967280163, 9.97463768115942, 9.183333333333334, 9.262048192771084, 9.014657980456025, 9.728555917481, 6.946731536926148, 7.939402642159679, 9.350000000000001, 6.543064876957494, 7.375730994152047, 8.267123287671232, 7.656695156695157, 9.216757741347905, 9.416666666666666, 9.753086419753087, 2.8717472118959106, 9.262177650429798, 9.178082191780822, 7.145577035735208, 8.38498045784478], "successRateList": [0.6105927947455175, 0.5819913760811593, 0.5538088312478046, 0.5250719829168251, 0.49434978594517587, 0.4595077359995764, 0.4202950238011501, 0.37894128381003883, 0.336860853276709, 0.29147446397217985, 0.24575500839297817, 0.20105247620748526, 0.15735454389551753, 0.11923998953380506, 0.08310034385411959, 0.051294255699452534, 0.0271424311603494, 0.01161011563361492, 0.005085583647658205, 0.0035506113239090623, 0.0]}